iter	Logloss	Accuracy
0	0.5548812031	0.9205755319
1	0.4611203284	0.9245392012
2	0.3940605495	0.9271253622
3	0.3436862303	0.929178294
4	0.3054734063	0.9308401913
